GEOID,MSA,year,pct_nativeborn,pct_foreignborn,pct_foreign_citizen,pct_foreign_noncitizen
3100000US10420,10420,2007,96.54996882846505,3.450031171534955,1.816957315015528,1.633073856519426
3100000US10420,10420,2008,96.05312696388106,3.946873036118949,2.202266685562871,1.744606350556078
3100000US10420,10420,2009,96.40438040675205,3.595619593247944,2.051190467686285,1.544429125561659
3100000US10580,10580,2007,93.93314412005279,6.06685587994722,3.191626492046714,2.875229387900506
3100000US10580,10580,2008,93.67949419090101,6.320505809098989,3.364487732443007,2.956018076655982
3100000US10580,10580,2009,93.08284125784756,6.917158742152446,3.722516068246905,3.19464267390554
310M200US10580,10580,2015,92.57612011385415,7.423879886145855,4.116666477665763,3.307213408480093
310M300US10580,10580,2016,92.00228159562006,7.997718404379937,4.48347147268379,3.514246931696149
3100000US10740,10740,2007,91.29631808870113,8.703681911298863,2.923602321878445,5.780079589420419
3100000US10740,10740,2008,89.92058549478969,10.07941450521031,2.961702289495702,7.117712215714612
3100000US10740,10740,2009,90.30781952217664,9.692180477823353,3.210988815906267,6.481191661917086
310M100US10740,10740,2010,89.8168638608811,10.18313613911889,3.524272040573354,6.658864098545539
310M100US10740,10740,2011,90.41326854614753,9.586731453852476,3.789138396417056,5.79759305743542
310M100US10740,10740,2012,90.60627341342543,9.393726586574568,3.399335839626759,5.994390746947809
310M200US10740,10740,2013,90.0027940022086,9.997205997791408,3.455914636580141,6.541291361211267
310M200US10740,10740,2014,90.55680817663909,9.443191823360911,4.036066649506801,5.40712517385411
310M200US10740,10740,2015,90.16584474442429,9.8341552555757,3.765466906640742,6.068688348934959
310M300US10740,10740,2016,91.03656321532206,8.963436784677938,4.036440666838819,4.92699611783912
3100000US10900,10900,2007,92.47988415662741,7.520115843372595,3.994804962156837,3.525310881215758
3100000US10900,10900,2008,92.32253993392806,7.677460066071936,3.7740191286918,3.903440937380136
3100000US10900,10900,2009,92.25820208526345,7.741797914736548,4.375058209928286,3.366739704808262
310M100US10900,10900,2011,91.83832050778503,8.161679492214965,4.507368022925971,3.654311469288994
310M100US10900,10900,2012,91.27230040705005,8.727699592949946,4.94202528860417,3.785674304345776
310M200US10900,10900,2013,91.84654336870412,8.153456631295885,4.901408382584807,3.252048248711079
310M200US10900,10900,2014,91.78740351997686,8.212596480023137,4.54319232136509,3.669404158658046
310M200US10900,10900,2015,91.14194301037934,8.858056989620666,5.218261572675162,3.639795416945504
310M300US10900,10900,2016,90.66872334416719,9.331276655832811,5.755505880438268,3.575770775394542
3100000US12060,12060,2006,87.04354987691025,12.95645012308975,4.079868802935848,8.876581320153905
3100000US12060,12060,2007,87.26454268668607,12.73545731331392,4.263319137635041,8.472138175678881
3100000US12060,12060,2008,86.75715853183733,13.24284146816267,4.722349000665043,8.520492467497629
3100000US12060,12060,2009,86.97504539259666,13.02495460740334,4.654731420441349,8.37022318696199
310M100US12060,12060,2010,86.45247567177518,13.54752432822482,4.868519233583861,8.679005094640964
310M100US12060,12060,2011,86.74578239738668,13.25421760261333,5.559862728734192,7.694354873879136
310M100US12060,12060,2012,86.7803553509455,13.21964464905451,5.149102931159276,8.070541717895237
310M200US12060,12060,2013,86.69355926202597,13.30644073797404,5.423631684149689,7.882809053824348
310M200US12060,12060,2014,86.60224678977211,13.3977532102279,5.823431184378569,7.574322025849327
310M200US12060,12060,2015,86.17446250970492,13.82553749029508,6.049601986503393,7.775935503791685
310M300US12060,12060,2016,86.29602380569962,13.70397619430038,5.838941938202587,7.865034256097793
3100000US12260,12260,2007,96.28760233502481,3.712397664975189,1.863867529800371,1.848530135174818
3100000US12260,12260,2008,96.36447556247894,3.635524437521054,1.727311472541871,1.908212964979183
3100000US12260,12260,2009,96.57371787744695,3.426282122553052,1.387931481769733,2.03835064078332
3100000US12420,12420,2006,85.46280100237317,14.53719899762683,3.891464892045737,10.64573410558109
3100000US12420,12420,2007,85.80136814359231,14.19863185640768,4.014685578009288,10.18394627839839
3100000US12420,12420,2008,85.49210212449428,14.50789787550571,4.242810077249382,10.26508779825633
3100000US12420,12420,2009,85.38246118205944,14.61753881794056,4.197469319531399,10.42006949840916
310M100US12420,12420,2010,85.72741995490385,14.27258004509616,3.804937432990782,10.46764261210537
310M100US12420,12420,2011,85.05606051855909,14.9439394814409,4.31708324946356,10.62685623197734
310M100US12420,12420,2012,85.58466076760492,14.41533923239508,4.609107655605426,9.806231576789658
310M200US12420,12420,2013,85.13460336443357,14.86539663556643,4.957167915260925,9.908228720305504
310M200US12420,12420,2014,85.14757636369905,14.85242363630095,4.826534671195735,10.02588896510522
310M200US12420,12420,2015,84.8991433683516,15.10085663164839,5.396529492318304,9.704327139330088
310M300US12420,12420,2016,85.60444075948075,14.39555924051926,5.865284318993583,8.530274921525672
3100000US12540,12540,2007,79.41723261372691,20.5827673862731,6.289663719947895,14.2931036663252
3100000US12540,12540,2008,80.51890292807367,19.48109707192632,6.20107488462855,13.28002218729777
3100000US12540,12540,2009,80.28032949924882,19.71967050075117,5.759424924480467,13.9602455762707
310M100US12540,12540,2010,79.34878242522325,20.65121757477675,6.066085890998293,14.58513168377845
310M100US12540,12540,2011,79.63943126181447,20.36056873818553,6.627842810346245,13.73272592783929
310M100US12540,12540,2012,79.18106237400107,20.81893762599894,6.62144136946685,14.19749625653209
310M200US12540,12540,2013,79.51092667256088,20.48907332743912,6.316686031171452,14.17238729626767
310M200US12540,12540,2014,80.59317004901732,19.40682995098269,6.173871384158731,13.23295856682396
310M200US12540,12540,2015,79.6292349825885,20.37076501741149,6.872891577190946,13.49787344022054
310M300US12540,12540,2016,79.85732175391166,20.14267824608833,7.052762921739444,13.08991532434888
3100000US12580,12580,2006,92.46356367822058,7.536436321779413,3.676791158608264,3.85964516317115
3100000US12580,12580,2007,92.14922775234103,7.85077224765897,3.890435583061226,3.960336664597745
3100000US12580,12580,2008,92.16371085332963,7.836289146670356,3.911939371238682,3.924349775431674
3100000US12580,12580,2009,91.72473304331733,8.275266956682668,4.05929496827439,4.215971988408279
310M100US12580,12580,2010,90.74270231594554,9.257297684054464,4.406666757547298,4.850630926507167
310M100US12580,12580,2011,90.99424354459879,9.005756455401212,4.355705706255886,4.650050749145326
310M100US12580,12580,2012,90.54330150674737,9.456698493252635,4.648858452630061,4.807840040622574
310M200US12580,12580,2013,90.80483250310928,9.19516749689072,4.713581724435873,4.481585772454848
310M200US12580,12580,2014,89.87850850397398,10.12149149602602,5.303972828634748,4.817518667391274
310M200US12580,12580,2015,89.680943816899,10.31905618310099,5.364396385652856,4.954659797448137
310M300US12580,12580,2016,89.56195429181467,10.43804570818533,5.594976001166178,4.84306970701915
3100000US12940,12940,2007,96.62868557025507,3.371314429744923,1.322827205696256,2.048487224048666
3100000US12940,12940,2008,97.03954221050601,2.960457789493988,1.16852054266058,1.791937246833408
3100000US12940,12940,2009,96.8258345225282,3.174165477471799,1.167295891591174,2.006869585880624
3100000US13820,13820,2006,96.61780209435324,3.382197905646753,.8000858807780284,2.582112024868724
3100000US13820,13820,2007,96.69026396750891,3.309736032491089,.9122081019909375,2.397527930500151
3100000US13820,13820,2008,96.68635017917427,3.313649820825741,.9024941200055847,2.411155700820157
3100000US13820,13820,2009,95.99317460457797,4.006825395422034,1.169246819383416,2.837578576038618
3100000US14260,14260,2007,93.31970529364166,6.680294706358332,2.369064349899919,4.311230356458413
3100000US14260,14260,2008,92.47948561855074,7.520514381449265,2.268866271220834,5.251648110228429
3100000US14260,14260,2009,92.5405966657404,7.459403334259609,2.511094508405535,4.948308825854073
3100000US14460,14460,2006,84.14025624341082,15.85974375658918,7.38909013859482,8.470653617994364
3100000US14460,14460,2007,84.08316392871778,15.91683607128222,7.451676464361902,8.46515960692032
3100000US14460,14460,2008,83.81642757743002,16.18357242256998,7.758656141758154,8.424916280811823
3100000US14460,14460,2009,84.16677563046453,15.83322436953546,7.63598681973901,8.197237549796457
310M100US14460,14460,2010,83.16383774469165,16.83616225530836,7.899902843627356,8.936259411680998
310M100US14460,14460,2011,83.20679173150208,16.79320826849791,8.383110671227364,8.410097597270552
310M100US14460,14460,2012,83.30896254569792,16.69103745430208,8.294234487918253,8.396802966383827
310M200US14460,14460,2013,82.66385215802833,17.33614784197166,8.903061055667028,8.433086786304631
310M200US14460,14460,2014,82.4032191635069,17.5967808364931,8.965586758354165,8.631194078138931
310M200US14460,14460,2015,81.71032069272259,18.28967930727741,9.4633980413131,8.826281265964312
310M300US14460,14460,2016,81.2071548606127,18.7928451393873,9.650664612623729,9.142180526763566
3100000US14600,14600,2008,89.27529320770023,10.72470679229976,4.359406417057877,6.365300375241886
3100000US14600,14600,2009,87.88041724916657,12.11958275083342,5.537357983857608,6.582224766975815
3100000US14860,14860,2007,80.30167092171639,19.69832907828361,8.571476455701859,11.12685262258174
3100000US14860,14860,2008,79.24996927477291,20.75003072522709,8.516250851926751,12.23377987330034
3100000US14860,14860,2009,80.27458699878386,19.72541300121615,7.795425695288991,11.92998730592716
310M100US14860,14860,2010,79.81863779152162,20.18136220847837,8.463352033385799,11.71801017509257
310M100US14860,14860,2011,80.48080838190774,19.51919161809225,8.901726862217153,10.6174647558751
310M100US14860,14860,2012,79.54595833311024,20.45404166688976,8.215155782338423,12.23888588455134
310M200US14860,14860,2013,78.26022657633121,21.7397734236688,9.219026623995642,12.52074679967316
310M200US14860,14860,2014,78.91305405536905,21.08694594463095,9.275277701975169,11.81166824265578
310M200US14860,14860,2015,78.66195244358701,21.33804755641298,9.922757482967723,11.41529007344526
310M300US14860,14860,2016,78.22897613477134,21.77102386522866,10.34636514128177,11.42465872394689
3100000US15380,15380,2006,95.01934031929109,4.980659680708911,2.71063365918841,2.270026021520501
3100000US15380,15380,2007,94.96278529281153,5.037214707188461,2.847499031628734,2.189715675559727
3100000US15380,15380,2008,94.75206549089262,5.247934509107371,2.922239348791124,2.325695160316247
3100000US15380,15380,2009,94.29482365252304,5.705176347476963,3.332342650497774,2.372833696979189
310M100US15380,15380,2010,93.98157854400731,6.0184214559927,3.418786854804184,2.599634601188515
310M100US15380,15380,2011,94.1107845497377,5.889215450262292,2.935525145078785,2.953690305183508
310M200US15380,15380,2013,94.03252756554672,5.967472434453296,2.960546329075976,3.006926105377321
310M200US15380,15380,2014,93.65315569009822,6.346844309901792,2.987961561476997,3.358882748424795
310M200US15380,15380,2015,93.40961743435251,6.59038256564749,3.351831787391101,3.238550778256388
310M300US15380,15380,2016,93.83423787345384,6.165762126546164,3.418949791843955,2.746812334702208
3100000US15980,15980,2007,84.81502428187292,15.18497571812708,5.386207083398243,9.798768634728836
3100000US15980,15980,2008,84.92959456178684,15.07040543821316,5.71673275606269,9.353672682150469
3100000US15980,15980,2009,85.52464781533051,14.47535218466949,5.62183510873936,8.853517075930128
310M100US15980,15980,2010,84.60149221721807,15.39850778278194,5.45318801388694,9.945319768894995
310M100US15980,15980,2011,85.41032423613642,14.58967576386359,5.909587695816768,8.680088068046823
310M100US15980,15980,2012,85.37656537417885,14.62343462582114,6.337586181780989,8.285848444040148
310M200US15980,15980,2013,84.50420879877177,15.49579120122823,6.810464140126907,8.68532706110132
310M200US15980,15980,2014,83.98205773840971,16.01794226159029,6.925548149925021,9.092394111665266
310M200US15980,15980,2015,84.009703952523,15.990296047477,7.172691037661934,8.817605009815066
310M300US15980,15980,2016,84.39922695255395,15.60077304744607,7.489589332388251,8.111183715057813
3100000US16700,16700,2007,95.54737343278845,4.452626567211554,1.909855578479607,2.542770988731947
3100000US16700,16700,2008,95.44488336803691,4.555116631963084,1.890595277623482,2.664521354339603
3100000US16700,16700,2009,95.0695625395371,4.9304374604629,1.942077485888005,2.988359974574895
3100000US16740,16740,2006,90.75783491625,9.242165083749992,2.762937824263076,6.479227259486916
3100000US16740,16740,2007,90.88392752747828,9.116072472521713,2.805653714528733,6.310418757992981
3100000US16740,16740,2008,90.38910437235543,9.61089562764457,2.880054066760696,6.730841560883874
3100000US16740,16740,2009,90.40843895586654,9.591561044133453,3.113449027340787,6.478112016792665
310M100US16740,16740,2010,90.26363236001775,9.736367639982248,2.982747392327779,6.75362024765447
310M100US16740,16740,2011,89.73450992273898,10.26549007726102,3.55722617785184,6.708263899409181
310M100US16740,16740,2012,89.50212005566101,10.49787994433898,3.360741506124241,7.137138438214741
310M200US16740,16740,2013,90.33668499647591,9.663315003524085,3.333364734657385,6.329950268866701
310M200US16740,16740,2014,90.69996647501128,9.30003352498872,3.369345388885668,5.930688136103051
310M200US16740,16740,2015,90.22714243499426,9.772857565005731,3.82543749636802,5.94742006863771
310M300US16740,16740,2016,90.06682256172822,9.93317743827178,3.851087614587316,6.082089823684464
3100000US16860,16860,2007,96.56145058607683,3.438549413923167,1.329523463372856,2.109025950550311
3100000US16860,16860,2008,96.94975073045138,3.050249269548615,1.182222307937089,1.868026961611525
3100000US16860,16860,2009,96.6428281202012,3.357171879798787,1.322533816844423,2.034638062954365
3100000US16980,16980,2006,82.16638113597772,17.83361886402228,7.926214115513861,9.907404748508419
3100000US16980,16980,2007,82.36800026546594,17.63199973453406,7.796843790622562,9.8351559439115
3100000US16980,16980,2008,82.34194127166006,17.65805872833994,7.97436848202002,9.683690246319916
3100000US16980,16980,2009,82.8202987931143,17.1797012068857,7.800600149739958,9.379101057145741
310M100US16980,16980,2010,82.37582000231998,17.62417999768002,7.812745567942281,9.811434429737737
310M100US16980,16980,2011,82.21951038844179,17.78048961155822,8.419823013914948,9.360666597643272
310M100US16980,16980,2012,82.28947688440554,17.71052311559446,8.386574205829049,9.323948909765411
310M200US16980,16980,2013,82.22901445312172,17.77098554687828,8.475396978517443,9.295588568360833
310M200US16980,16980,2014,82.35621181497224,17.64378818502775,8.844366802354244,8.799421382673509
310M200US16980,16980,2015,82.01597301308006,17.98402698691994,8.856685180942456,9.127341805977482
310M300US16980,16980,2016,82.38789408310845,17.61210591689155,8.900093009878725,8.712012907012827
3100000US17140,17140,2006,96.57322293005734,3.42677706994266,1.485978688937345,1.940798381005316
3100000US17140,17140,2007,96.45827556228406,3.541724437715939,1.605910259388889,1.93581417832705
3100000US17140,17140,2008,96.50427871868091,3.495721281319084,1.545256525944879,1.950464755374205
3100000US17140,17140,2009,96.23678154142105,3.763218458578939,1.593861881272952,2.169356577305987
310M100US17140,17140,2010,95.74419312179853,4.255806878201465,1.885240176392027,2.370566701809439
310M100US17140,17140,2011,95.9060407393807,4.0939592606193,1.79217723431576,2.301782026303541
310M100US17140,17140,2012,96.18394081693499,3.816059183064997,1.708780560524746,2.10727862254025
310M200US17140,17140,2013,95.60983061315051,4.3901693868495,2.063156099337007,2.327013287512494
310M200US17140,17140,2014,95.64868549389736,4.35131450610264,1.865187949046754,2.486126557055886
310M200US17140,17140,2015,95.55894446839736,4.441055531602641,2.123807905140902,2.317247626461739
310M300US17140,17140,2016,95.50721023613413,4.492789763865866,2.342187457349056,2.15060230651681
3100000US17460,17460,2006,94.25500968472036,5.744990315279627,3.235524358431619,2.509465956848008
3100000US17460,17460,2007,94.40621883155073,5.593781168449265,3.382493723977102,2.211287444472163
3100000US17460,17460,2008,94.30342801841314,5.696571981586858,3.240544540966752,2.456027440620105
3100000US17460,17460,2009,94.4439928350307,5.556007164969306,3.376247916353861,2.179759248615445
310M100US17460,17460,2010,94.07267128441755,5.927328715582452,3.536105846635301,2.391222868947151
310M100US17460,17460,2011,93.96702482203838,6.032975177961624,3.522922153303006,2.510053024658618
310M100US17460,17460,2012,94.49682220073805,5.503177799261946,3.424269518084258,2.078908281177688
310M200US17460,17460,2013,94.45441886934096,5.545581130659047,3.480608797781787,2.06497233287726
310M200US17460,17460,2014,94.47523209462308,5.524767905376919,3.332528913092569,2.19223899228435
310M200US17460,17460,2015,94.05452225095956,5.945477749040426,3.56932468301299,2.376153066027436
310M300US17460,17460,2016,94.06741155432056,5.932588445679437,3.6860555396641,2.246532906015338
3100000US17820,17820,2007,92.54622749450925,7.453772505490748,3.323875218643555,4.129897286847193
3100000US17820,17820,2008,93.13501403645753,6.864985963542468,3.259406370429647,3.605579593112821
3100000US17820,17820,2009,93.09010009705318,6.909899902946816,3.497261315301734,3.412638587645082
3100000US17900,17900,2007,95.12612941242494,4.873870587575061,1.709972501262697,3.163898086312363
3100000US17900,17900,2008,95.53437829787174,4.465621702128249,1.686014180935198,2.779607521193051
3100000US17900,17900,2009,95.63793549875835,4.362064501241647,1.600792078145271,2.761272423096377
3100000US18140,18140,2006,93.95979299593758,6.040207004062426,2.100233546016679,3.939973458045747
3100000US18140,18140,2007,93.69864512918555,6.301354870814444,2.267181277029442,4.034173593785003
3100000US18140,18140,2008,93.60787763941528,6.392122360584731,2.329114780725501,4.063007579859232
3100000US18140,18140,2009,93.11357006806345,6.886429931936545,2.722094205504571,4.164335726431974
310M100US18140,18140,2010,92.80898778734033,7.191012212659681,2.801973888302435,4.389038324357245
310M100US18140,18140,2011,93.204226716256,6.795773283743994,2.830778535392668,3.964994748351327
310M100US18140,18140,2012,92.89939820536814,7.10060179463186,3.293156914783198,3.807444879848662
310M200US18140,18140,2013,92.90506775064995,7.094932249350047,2.933811066837615,4.161121182512432
310M200US18140,18140,2014,92.66701628850018,7.332983711499817,3.26451866499276,4.068465046507058
310M200US18140,18140,2015,92.28504495377992,7.714955046220083,3.474272271115614,4.24068277510447
310M300US18140,18140,2016,92.36877424663976,7.631225753360242,3.680443982914691,3.95078177044555
3100000US19100,19100,2006,82.04237229720347,17.95762770279653,4.985836052515995,12.97179165028053
3100000US19100,19100,2007,82.22210178909914,17.77789821090086,5.102295731996591,12.67560247890427
3100000US19100,19100,2008,82.21087421453191,17.78912578546808,5.073605432744547,12.71552035272354
3100000US19100,19100,2009,82.28506886990812,17.71493113009188,5.140302157764546,12.57462897232733
310M100US19100,19100,2010,82.45814957608417,17.54185042391583,5.523290772556654,12.01855965135918
310M100US19100,19100,2011,82.4886012031442,17.5113987968558,5.626251232271304,11.8851475645845
310M100US19100,19100,2012,82.33977124619555,17.66022875380444,5.70408767451684,11.9561410792876
310M200US19100,19100,2013,82.53944697391056,17.46055302608944,5.921387451920205,11.53916557416924
310M200US19100,19100,2014,82.11441668920763,17.88558331079236,6.206612220328349,11.67897109046401
310M200US19100,19100,2015,81.78007692020672,18.21992307979327,6.511662288893598,11.70826079089968
310M300US19100,19100,2016,81.75091692488412,18.24908307511587,6.610694164020431,11.63838891109545
3100000US19380,19380,2007,96.98888259885558,3.011117401144414,1.578864849791212,1.432252551353202
3100000US19380,19380,2008,96.89269183689083,3.107308163109173,1.652991354907811,1.454316808201362
3100000US19380,19380,2009,96.97663529578008,3.023364704219921,1.635325717939844,1.388038986280077
3100000US19660,19660,2007,92.29096766071225,7.709032339287749,4.06943864368032,3.639593695607429
3100000US19660,19660,2008,92.64972813210291,7.3502718678971,4.155522893927347,3.194748973969753
3100000US19660,19660,2009,93.26100546492165,6.738994535078343,3.49754985984795,3.241444675230394
3100000US19740,19740,2006,87.08082878924131,12.91917121075868,4.047085844105053,8.87208536665363
3100000US19740,19740,2007,87.57601077762791,12.42398922237209,3.936445077436835,8.487544144935256
3100000US19740,19740,2008,87.41937790889779,12.58062209110221,3.99835229881085,8.582269792291363
3100000US19740,19740,2009,88.19060205740986,11.80939794259014,3.896301156324159,7.913096786265979
310M100US19740,19740,2010,87.69867476603469,12.30132523396533,4.45439204164452,7.846933192320805
310M100US19740,19740,2011,87.89830323379965,12.10169676620034,4.218613132230559,7.883083633969777
310M100US19740,19740,2012,87.83200117646659,12.16799882353341,4.854210007602424,7.313788815930991
310M200US19740,19740,2013,87.98465676803056,12.01534323196944,4.590847147481571,7.42449608448787
310M200US19740,19740,2014,87.33103434754477,12.66896565245522,5.132162636906202,7.536803015549015
310M200US19740,19740,2015,87.70492444027531,12.29507555972469,4.633394093798525,7.66168146592617
310M300US19740,19740,2016,87.84894343896082,12.15105656103919,4.849185633615917,7.301870927423269
3100000US19780,19780,2007,93.62194872095066,6.378051279049347,2.17650588304162,4.201545396007726
3100000US19780,19780,2008,93.9038010129058,6.096198987094201,2.706374594720404,3.389824392373797
3100000US19780,19780,2009,93.35693338993558,6.643066610064424,2.347453698358594,4.295612911705829
3100000US19820,19820,2006,91.53486511197445,8.465134888025553,4.347560487146244,4.117574400879309
3100000US19820,19820,2007,91.29463925980707,8.705360740192928,4.447317481094961,4.258043259097966
3100000US19820,19820,2008,91.74732379534069,8.25267620465932,4.44558440355155,3.807091801107769
3100000US19820,19820,2009,91.06382128323852,8.936178716761475,4.613782370452898,4.322396346308577
310M100US19820,19820,2010,91.44025072678568,8.559749273214328,4.472670598621618,4.08707867459271
310M100US19820,19820,2011,91.3015489174564,8.698451082543599,4.866546332194075,3.831904750349524
310M100US19820,19820,2012,91.08267358797407,8.917326412025925,4.939586119485749,3.977740292540179
310M200US19820,19820,2013,90.68019594024004,9.319804059759958,5.053407661916241,4.266396397843716
310M200US19820,19820,2014,90.6457205457976,9.354279454202393,5.327384769065666,4.026894685136727
310M200US19820,19820,2015,90.45135067222712,9.548649327772875,5.447063174403417,4.101586153369458
310M300US19820,19820,2016,90.28526739353461,9.714732606465397,5.493835304542029,4.220897301923368
3100000US20500,20500,2009,88.50223850223851,11.4977614977615,3.381096028154852,8.116665469606646
310M200US20500,20500,2014,87.48410753441064,12.51589246558936,3.836302997917857,8.6795894676715
310M200US20500,20500,2015,87.40092634657815,12.59907365342185,3.912266761750828,8.686806891671026
310M300US20500,20500,2016,88.05454529207289,11.94545470792712,4.21617950619711,7.729275201730008
3100000US21340,21340,2007,73.29804306429153,26.70195693570846,10.82337760270271,15.87857933300575
3100000US21340,21340,2008,72.67317286156683,27.32682713843317,11.48461988351378,15.8422072549194
3100000US21340,21340,2009,74.64847410341596,25.35152589658404,11.13063293295851,14.22089296362552
310M100US21340,21340,2010,73.82667485559553,26.17332514440447,11.11100059925056,15.0623245451539
310M100US21340,21340,2011,74.01600896697084,25.98399103302915,10.64194251879287,15.34204851423628
310M100US21340,21340,2012,74.78782883207357,25.21217116792644,10.78586121793865,14.42630994998779
310M200US21340,21340,2013,73.5505778696653,26.4494221303347,10.61200694765817,15.83741518267653
310M200US21340,21340,2014,74.26737474355724,25.73262525644275,10.83144836952623,14.90117688691652
310M200US21340,21340,2015,75.38325503359708,24.61674496640291,10.85977764227303,13.75696732412988
310M300US21340,21340,2016,74.85696710896624,25.14303289103376,10.97024868366991,14.17278420736385
3100000US23420,23420,2007,78.1709638538141,21.8290361461859,6.880762507950204,14.9482736382357
3100000US23420,23420,2008,79.05864029486787,20.94135970513214,6.307409203951369,14.63395050118077
3100000US23420,23420,2009,78.57237287043016,21.42762712956984,6.879522587397995,14.54810454217185
310M100US23420,23420,2010,78.08042449595392,21.91957550404609,7.298167261006721,14.62140824303936
310M100US23420,23420,2011,77.39780507877791,22.6021949212221,8.206561855713836,14.39563306550826
310M100US23420,23420,2012,77.65860142737328,22.34139857262672,7.883151614894055,14.45824695773266
310M200US23420,23420,2013,79.1521158371647,20.8478841628353,7.795999464026999,13.0518846988083
310M200US23420,23420,2014,78.67779049953725,21.32220950046275,8.401985974777789,12.92022352568496
310M200US23420,23420,2015,78.5105774053942,21.4894225946058,7.96421233386093,13.52521026074487
310M300US23420,23420,2016,78.426904374359,21.573095625641,8.402871677645511,13.17022394799549
3100000US24340,24340,2007,93.19825630646984,6.801743693530156,2.316856819896439,4.484886873633717
3100000US24340,24340,2008,94.15897625358346,5.84102374641654,2.118988251014053,3.722035495402487
3100000US24340,24340,2009,93.73747604462159,6.262523955378409,2.562952356592276,3.699571598786132
310M200US24340,24340,2014,93.55494729508428,6.44505270491572,2.7245225517489,3.72053015316682
310M200US24340,24340,2015,93.20112114294187,6.798878857058126,2.886336479607311,3.912542377450815
310M300US24340,24340,2016,93.22193985477973,6.77806014522027,2.892658669333081,3.88540147588719
3100000US24660,24660,2007,92.57219429718381,7.427805702816189,2.020051625132248,5.407754077683942
3100000US24660,24660,2008,92.71302736068834,7.286972639311647,2.020734493059217,5.26623814625243
3100000US24660,24660,2009,92.11027400614188,7.889725993858121,2.379243527592985,5.510482466265136
310M100US24660,24660,2012,90.78437366265207,9.215626337347924,3.017260703878054,6.19836563346987
310M300US24660,24660,2016,91.23997042871747,8.76002957128253,3.491686052432159,5.26834351885037
3100000US24860,24860,2007,93.45989430263853,6.540105697361476,2.239389535830884,4.300716161530592
3100000US24860,24860,2008,93.61068647303171,6.389313526968297,1.961854605700199,4.427458921268098
3100000US24860,24860,2009,93.24611447162911,6.753885528370884,1.915990350475363,4.837895177895522
3100000US25420,25420,2007,94.92580715911755,5.074192840882449,2.214440755390514,2.859752085491934
3100000US25420,25420,2008,95.28024431942279,4.719755680577208,2.473696498640578,2.24605918193663
3100000US25420,25420,2009,95.50677103995201,4.493228960047977,2.122294051802972,2.370934908245005
3100000US25540,25540,2006,87.50547802439519,12.49452197560481,6.538300748375939,5.956221227228872
3100000US25540,25540,2007,88.21869746609448,11.78130253390552,6.124396924430227,5.656905609475298
3100000US25540,25540,2008,88.43060800731114,11.56939199268886,5.572896367277273,5.996495625411588
3100000US25540,25540,2009,87.5830059916488,12.41699400835118,6.533121292844972,5.883872715506213
310M100US25540,25540,2010,87.23432671918849,12.7656732808115,6.52694739133159,6.238725889479915
310M100US25540,25540,2011,86.95896575740467,13.04103424259533,6.893109857367165,6.147924385228167
310M100US25540,25540,2012,87.41106719367589,12.58893280632411,6.577816205533598,6.011116600790514
310M200US25540,25540,2013,87.32014440290617,12.67985559709384,6.940111634934181,5.739743962159658
310M200US25540,25540,2014,87.46144882421487,12.53855117578513,6.537044128486076,6.00150704729905
310M200US25540,25540,2015,86.21590920348314,13.78409079651687,7.426584464602369,6.3575063319145
310M300US25540,25540,2016,87.19850915948811,12.80149084051188,7.298091869980677,5.503398970531207
3100000US26180,26180,2007,80.647547871524,19.35245212847601,11.00307972274766,8.349372405728349
3100000US26180,26180,2008,80.9436993527315,19.0563006472685,10.5697686495756,8.486531997692905
3100000US26180,26180,2009,80.81434681910235,19.18565318089765,11.36105705981,7.824596121087647
310M100US26180,26180,2010,79.63725772279041,20.36274227720959,11.82318014176977,8.539562135439827
310M100US26180,26180,2011,80.67012796710692,19.32987203289308,11.01081665035642,8.319055382536657
310M100US26180,26180,2012,80.51736428328546,19.48263571671453,10.93128438750804,8.551351329206492
3100000US26420,26420,2006,78.45686287812737,21.54313712187264,7.015817979201912,14.52731914267073
3100000US26420,26420,2007,78.59673444923165,21.40326555076835,6.850866928388719,14.55239862237963
3100000US26420,26420,2008,78.37271743673546,21.62728256326455,6.994764240552779,14.63251832271178
3100000US26420,26420,2009,78.20299651190111,21.79700348809889,7.401698798619492,14.3953046894794
310M100US26420,26420,2010,77.72020239942769,22.27979760057232,7.489712388566212,14.79008521200611
310M100US26420,26420,2011,78.06296970787241,21.9370302921276,7.718779443377946,14.21825084874965
310M100US26420,26420,2012,77.7394074718564,22.26059252814361,7.879985706367066,14.38060682177655
310M200US26420,26420,2013,77.44835469031506,22.55164530968495,8.095029460691464,14.45661584899348
310M200US26420,26420,2014,76.91786668474526,23.08213331525474,8.402971874431834,14.6791614408229
310M200US26420,26420,2015,76.34918474627855,23.65081525372145,8.832578783123672,14.81823647059778
310M300US26420,26420,2016,76.54236932758653,23.45763067241346,9.047777251135848,14.40985342127761
3100000US26900,26900,2006,94.80732252286791,5.192677477132092,1.731551423590936,3.461126053541156
3100000US26900,26900,2007,94.64099356641248,5.35900643358752,1.92059431177575,3.43841212181177
3100000US26900,26900,2008,94.9868464627713,5.013153537228708,1.669029949951257,3.344123587277451
3100000US26900,26900,2009,94.19486668042278,5.805133319577229,1.81385698236926,3.991276337207969
310M100US26900,26900,2010,93.41381934927175,6.586180650728244,2.144916892570552,4.441263758157693
310M100US26900,26900,2011,93.75299547051107,6.24700452948893,2.1266996834083,4.120304846080631
310M100US26900,26900,2012,93.96292833055183,6.037071669448172,2.012635188399287,4.024436481048886
310M200US26900,26900,2013,93.45996366731794,6.540036332682061,2.203251104492036,4.336785228190025
310M200US26900,26900,2014,93.572438662415,6.427561337585011,2.29125142414137,4.136309913443641
310M200US26900,26900,2015,93.77663277254456,6.223367227455446,2.213261360298408,4.010105867157039
310M300US26900,26900,2016,92.86749458095645,7.132505419043561,2.725283091634915,4.407222327408646
3100000US27140,27140,2007,98.39528154489169,1.604718455108307,.4907223395234541,1.113996115584853
3100000US27140,27140,2008,97.80091142497574,2.199088575024263,.7272326078460339,1.471855967178229
3100000US27140,27140,2009,97.65061956196173,2.349380438038257,.5707513506117966,1.778629087426461
3100000US27260,27260,2006,93.10564386273785,6.89435613726215,3.232940911112921,3.661415226149229
3100000US27260,27260,2007,92.95089906807868,7.049100931921312,3.797016371090388,3.252084560830924
3100000US27260,27260,2008,93.23488577559006,6.765114224409946,3.472504178014595,3.292610046395351
3100000US27260,27260,2009,92.01475811334737,7.985241886652629,4.119483782342681,3.865758104309947
310M100US27260,27260,2010,92.20529137208024,7.794708627919757,4.311737982132991,3.482970645786766
310M100US27260,27260,2011,92.17440396056803,7.825596039431971,4.72260640235891,3.10298963707306
310M100US27260,27260,2012,92.1370976521392,7.862902347860798,4.006604492506441,3.856297855354356
310M200US27260,27260,2013,91.84934433940619,8.150655660593824,4.719049722362443,3.43160593823138
310M200US27260,27260,2014,91.27696111764486,8.723038882355139,5.049019573301051,3.674019309054088
310M200US27260,27260,2015,91.35704434897733,8.642955651022676,5.209657801654523,3.433297849368153
310M300US27260,27260,2016,91.52022849225958,8.479771507740432,4.895914794359673,3.58385671338076
3100000US28140,28140,2006,94.24076795184031,5.759232048159692,2.040990649738915,3.718241398420777
3100000US28140,28140,2007,94.13784208499139,5.862157915008604,2.061911874797133,3.800246040211471
3100000US28140,28140,2008,93.92221377120487,6.077786228795137,2.22030769476791,3.857478534027228
3100000US28140,28140,2009,94.23476290104378,5.765237098956226,1.977614901206349,3.787622197749878
310M100US28140,28140,2010,93.78891384833184,6.211086151668159,2.288987776968356,3.922098374699803
310M100US28140,28140,2011,93.3400918052877,6.659908194712292,2.575407130448103,4.084501064264189
310M100US28140,28140,2012,94.16929548863148,5.830704511368524,2.411427430949825,3.4192770804187
310M200US28140,28140,2013,93.45117658066478,6.54882341933522,2.428403234232337,4.120420185102883
310M200US28140,28140,2014,93.47296737884506,6.527032621154939,2.713091983899303,3.813940637255636
310M200US28140,28140,2015,93.53359169723824,6.466408302761762,2.607135383420431,3.85927291934133
310M300US28140,28140,2016,93.15579234024757,6.844207659752438,3.038617185847732,3.805590473904706
3100000US28940,28940,2007,96.64526092008082,3.354739079919183,1.193212869234477,2.161526210684706
3100000US28940,28940,2008,96.84261998697001,3.157380013029996,1.142954152694728,2.014425860335268
3100000US28940,28940,2009,96.81814866563604,3.181851334363966,1.288528946137774,1.893322388226192
3100000US29460,29460,2007,89.79984201716933,10.20015798283068,4.033781879299726,6.166376103530951
3100000US29460,29460,2008,89.1802188792857,10.8197811207143,3.920812133780232,6.89896898693407
3100000US29460,29460,2009,89.75133826874391,10.2486617312561,3.718184513963761,6.530477217292336
310M100US29460,29460,2011,89.2863236925177,10.7136763074823,3.335400628720311,7.378275678761985
310M300US29460,29460,2016,89.21097232000649,10.78902767999351,4.759145476462473,6.029882203531042
3100000US29540,29540,2008,96.23544399546151,3.764556004538488,1.839878973664829,1.924677030873659
3100000US29540,29540,2009,95.72263601737808,4.277363982621917,2.066503074250738,2.210860908371179
3100000US29820,29820,2006,78.23642688008533,21.76357311991467,7.82109422071752,13.94247889919715
3100000US29820,29820,2007,77.73846029015434,22.26153970984565,8.47324532097392,13.78829438887174
3100000US29820,29820,2008,78.3639359269697,21.6360640730303,7.981686681895607,13.6543773911347
3100000US29820,29820,2009,78.12662586436862,21.87337413563138,8.567746844969136,13.30562729066224
310M100US29820,29820,2010,78.33696642207281,21.66303357792719,9.050382241871603,12.61265133605559
310M100US29820,29820,2011,78.25205903628219,21.74794096371781,8.853107272934936,12.89483369078288
310M100US29820,29820,2012,78.20642066335826,21.79357933664174,9.526784585249898,12.26679475139185
310M200US29820,29820,2013,78.25963031124313,21.74036968875686,10.40324123660909,11.33712845214777
310M200US29820,29820,2014,77.80967211855354,22.19032788144646,10.24148165828454,11.94884622316193
310M200US29820,29820,2015,77.84827035735276,22.15172964264723,10.40717306261913,11.7445565800281
310M300US29820,29820,2016,77.16856615873346,22.83143384126654,10.94822755308805,11.88320628817849
3100000US30780,30780,2007,96.3035757028826,3.696424297117404,1.196361111647981,2.500063185469423
3100000US30780,30780,2008,96.15309062819856,3.846909371801442,1.297811281963422,2.549098089838021
3100000US30780,30780,2009,96.5194429709769,3.4805570290231,1.403356397148403,2.077200631874697
310M200US31080,31080,2013,66.55580035412744,33.44419964587257,16.48497410525936,16.9592255406132
310M200US31080,31080,2014,66.26811348326298,33.73188651673702,16.90310521164632,16.8287813050907
310M200US31080,31080,2015,66.18940773015551,33.81059226984451,17.2449645683965,16.565627701448
310M300US31080,31080,2016,66.37401433625783,33.62598566374217,17.45483078066424,16.17115488307793
3100000US31100,31100,2006,65.77417877458981,34.22582122541019,14.86850825964745,19.35731296576273
3100000US31100,31100,2007,65.138964149751,34.861035850249,15.15193054887517,19.70910530137383
3100000US31100,31100,2008,66.01687060041601,33.98312939958399,15.23626391382517,18.74686548575882
3100000US31100,31100,2009,65.56052883785274,34.43947116214726,15.76577090885394,18.67370025329331
310M100US31100,31100,2010,65.69175344839515,34.30824655160485,15.99858141048485,18.30966514112
310M100US31100,31100,2011,65.93206029200449,34.06793970799551,16.20408842128975,17.86385128670576
310M100US31100,31100,2012,66.05408092181054,33.94591907818948,16.46397767978524,17.48194139840423
3100000US31140,31140,2006,96.45242316300683,3.547576836993174,1.380919455103733,2.166657381889441
3100000US31140,31140,2007,96.35731515571744,3.642684844282547,1.07245980513752,2.570225039145027
3100000US31140,31140,2008,96.07574317140578,3.924256828594228,1.421932346108009,2.50232448248622
3100000US31140,31140,2009,95.87023671379022,4.129763286209791,1.323239856683434,2.806523429526358
310M100US31140,31140,2012,94.99307846631405,5.006921533685949,1.874610831681967,3.132310702003982
310M200US31140,31140,2014,94.48075813501316,5.51924186498684,2.199792919752452,3.319448945234388
3100000US31540,31540,2007,93.52892053287644,6.47107946712357,2.541457743158167,3.929621723965401
3100000US31540,31540,2008,94.01465703778238,5.985342962217612,2.37807321395179,3.607269748265821
3100000US31540,31540,2009,93.74185342748125,6.25814657251875,2.268847857550107,3.989298714968641
3100000US32580,32580,2007,71.52132118438202,28.47867881561799,7.198309955891087,21.2803688597269
3100000US32580,32580,2008,70.80927162525943,29.19072837474058,6.824349989815635,22.36637838492494
3100000US32580,32580,2009,71.02375760977505,28.97624239022495,7.279883208842451,21.6963591813825
310M100US32580,32580,2010,71.13052774882802,28.86947225117198,7.731317147959138,21.13815510321285
310M100US32580,32580,2011,69.34671162306815,30.65328837693185,8.27302239881676,22.38026597811509
310M100US32580,32580,2012,71.05605094277865,28.94394905722136,7.843263670538292,21.10068538668306
310M200US32580,32580,2013,71.05451497311262,28.94548502688739,6.74218991269565,22.20329511419174
310M200US32580,32580,2014,72.1828287045783,27.8171712954217,7.381301040943455,20.43587025447825
310M200US32580,32580,2015,72.30964117468277,27.69035882531722,7.393292682926829,20.2970661423904
310M300US32580,32580,2016,73.28365356895333,26.71634643104668,7.575046214418428,19.14130021662825
3100000US32820,32820,2006,95.5553295362083,4.4446704637917,1.465157277928107,2.979513185863594
3100000US32820,32820,2007,95.6928245164497,4.307175483550292,1.406224314981781,2.90095116856851
3100000US32820,32820,2008,95.66917034146523,4.330829658534769,1.277681283595109,3.053148374939659
3100000US32820,32820,2009,95.29023185595887,4.709768144041137,1.572528268341373,3.137239875699763
310M100US32820,32820,2010,94.94781551277971,5.052184487220289,1.852680317702166,3.199504169518123
310M100US32820,32820,2011,95.0174003933214,4.982599606678609,1.611726535901905,3.370873070776704
310M200US32820,32820,2013,94.87591621088663,5.124083789113368,1.724374000074413,3.399709789038955
310M200US32820,32820,2014,94.97775869880762,5.022241301192378,1.708328342463216,3.313912958729162
310M200US32820,32820,2015,94.68312825810601,5.316871741893996,1.746761617538919,3.570110124355077
310M300US32820,32820,2016,94.98364943922367,5.01635056077633,1.866481684623937,3.149868876152393
3100000US33100,33100,2006,62.96186009260492,37.03813990739509,17.22768366741662,19.81045623997846
3100000US33100,33100,2007,62.95770422440503,37.04229577559497,17.46829793475667,19.57399784083831
3100000US33100,33100,2008,63.15566010904984,36.84433989095016,17.84180386542591,19.00253602552425
3100000US33100,33100,2009,62.8781130730545,37.12188692694551,18.59552039453035,18.52636653241515
310M100US33100,33100,2010,61.17737849160685,38.82262150839315,19.07239440873568,19.75022709965748
310M100US33100,33100,2011,61.79299398161417,38.20700601838583,19.46761314785829,18.73939287052755
310M100US33100,33100,2012,61.82186284698693,38.17813715301306,20.20133905586549,17.97679809714758
310M200US33100,33100,2013,61.1544474091532,38.8455525908468,21.1570108117596,17.6885417790872
310M200US33100,33100,2014,60.82858515580324,39.17141484419676,21.75184436489545,17.41957047930131
310M200US33100,33100,2015,60.12533242098613,39.87466757901386,22.03564640735848,17.83902117165539
310M300US33100,33100,2016,59.47190642469727,40.52809357530273,23.20717422083359,17.32091935446914
3100000US33340,33340,2006,93.2766703687,6.723329631299997,2.937056823893811,3.786272807406186
3100000US33340,33340,2007,93.16244905782058,6.837550942179413,2.842920024501456,3.994630917677956
3100000US33340,33340,2008,93.22284529609348,6.777154703906518,2.859405618508392,3.917749085398126
3100000US33340,33340,2009,93.09852680091328,6.901473199086729,2.943064128432543,3.958409070654185
310M100US33340,33340,2010,93.56651879859547,6.433481201404533,2.843228164629307,3.590253036775226
310M100US33340,33340,2011,92.93145122057385,7.068548779426148,3.129528823158898,3.939019956267251
310M100US33340,33340,2012,92.6327122026368,7.36728779736321,3.124096590832945,4.243191206530264
310M200US33340,33340,2013,92.95273686832618,7.047263131673823,3.13533066736151,3.911932464312312
310M200US33340,33340,2014,92.9416852971388,7.058314702861196,3.160003688992492,3.898311013868704
310M200US33340,33340,2015,92.8481539231869,7.151846076813093,3.131784480630456,4.020061596182636
310M300US33340,33340,2016,93.04666126543897,6.953338734561032,3.197492880681623,3.755845853879408
3100000US33460,33460,2006,91.11768950385208,8.882310496147925,3.919476945337084,4.962833550810839
3100000US33460,33460,2007,90.98373174840066,9.016268251599332,3.827396693235984,5.18887155836335
3100000US33460,33460,2008,91.2867297154877,8.713270284512294,3.899620976396013,4.813649308116282
3100000US33460,33460,2009,90.9189941690873,9.081005830912707,4.097174946342514,4.983830884570193
310M100US33460,33460,2010,90.4910390284204,9.508960971579592,4.279660823536035,5.229300148043558
310M100US33460,33460,2011,90.27493260480833,9.725067395191662,4.54032350897367,5.184743886217992
310M100US33460,33460,2012,90.48893111061017,9.511068889389824,4.612991408953151,4.898077480436673
310M200US33460,33460,2013,90.27901684404185,9.720983155958148,5.136817006278428,4.584166149679718
310M200US33460,33460,2014,89.9217092358153,10.07829076418469,5.237018107242668,4.841272656942025
310M200US33460,33460,2015,89.40195194722325,10.59804805277674,5.436728259768602,5.161319793008137
310M300US33460,33460,2016,89.40979477538386,10.59020522461614,5.61047536549897,4.97972985911717
3100000US33700,33700,2007,80.27414461832755,19.72585538167245,7.828847383831805,11.89700799784064
3100000US33700,33700,2008,81.03835173313178,18.96164826686822,7.352152169400855,11.60949609746737
3100000US33700,33700,2009,79.09734808037069,20.9026519196293,7.21984384337314,13.68280807625616
310M100US33700,33700,2010,79.84546664648651,20.15453335351348,8.246888570663501,11.90764478284998
310M100US33700,33700,2011,79.02152656975018,20.97847343024982,8.12096690207937,12.85750652817045
310M100US33700,33700,2012,80.11657460046078,19.88342539953922,8.179197509803997,11.70422788973523
310M200US33700,33700,2013,79.6875683884215,20.3124316115785,8.748960495993272,11.56347111558523
310M200US33700,33700,2014,78.75664712394995,21.24335287605005,8.595913134848505,12.64743974120155
310M200US33700,33700,2015,79.40481585770857,20.59518414229143,9.126689302138978,11.46849484015245
310M300US33700,33700,2016,79.04701233473669,20.95298766526331,9.258807888322623,11.69417977694069
3100000US34980,34980,2006,93.36884042833897,6.631159571661023,1.995676480935837,4.635483090725185
3100000US34980,34980,2007,93.30166367559475,6.698336324405241,2.085558018361743,4.612778306043499
3100000US34980,34980,2008,93.09791476970511,6.902085230294889,2.254846025750167,4.647239204544723
3100000US34980,34980,2009,92.83030365861984,7.169696341380156,2.580681050984002,4.589015290396155
310M100US34980,34980,2010,92.58491572769216,7.415084272307837,2.467342519067198,4.947741753240639
310M100US34980,34980,2011,92.11455421891962,7.885445781080386,2.737714013118959,5.147731767961427
310M100US34980,34980,2012,92.95373587629844,7.046264123701568,2.641224862333028,4.405039261368539
310M200US34980,34980,2013,92.52229399393657,7.47770600606342,2.969118436985042,4.508587569078379
310M200US34980,34980,2014,92.05536723668149,7.944632763318508,2.644900773681873,5.299731989636635
310M200US34980,34980,2015,91.82444607380874,8.175553926191254,3.089387629773949,5.086166296417305
310M300US34980,34980,2016,92.31635965018079,7.683640349819221,2.755885041020405,4.927755308798817
3100000US35300,35300,2007,88.47265622227953,11.52734377772048,5.233153635626037,6.294190142094444
3100000US35300,35300,2008,88.96455624092158,11.03544375907841,5.11203745179358,5.923406307284828
3100000US35300,35300,2009,88.92613967354005,11.07386032645995,5.218241380367592,5.855618946092362
310M100US35300,35300,2010,88.10367223684196,11.89632776315805,5.597290347849161,6.299037415308886
310M100US35300,35300,2011,88.49825748769325,11.50174251230675,5.596245788880205,5.905496723426542
310M100US35300,35300,2012,87.32993128290835,12.67006871709165,6.203082243777041,6.466986473314612
310M200US35300,35300,2013,88.73507312530515,11.26492687469485,5.722340705588742,5.54258616910611
310M200US35300,35300,2014,88.56662839016948,11.43337160983052,5.189735706398754,6.243635903431765
310M200US35300,35300,2015,87.36942534352566,12.63057465647434,5.586349727157434,7.044224929316904
310M300US35300,35300,2016,87.35871626549964,12.64128373450036,6.865995623632386,5.775288110867979
3100000US35380,35380,2006,94.42585865998879,5.574141340011204,3.041833629686594,2.532307710324609
3100000US35380,35380,2007,92.90143376654635,7.098566233453647,3.265645214356494,3.832921019097153
3100000US35380,35380,2008,94.08242646352078,5.917573536479226,3.019323139002618,2.898250397476608
3100000US35380,35380,2009,92.99198894772269,7.008011052277305,3.173496047415883,3.834515004861422
310M100US35380,35380,2010,92.9018935045388,7.098106495461197,3.160244330864286,3.937862164596911
310M100US35380,35380,2011,92.93218222987535,7.06781777012465,3.414774210827234,3.653043559297416
310M100US35380,35380,2012,93.21073791205053,6.789262087949465,2.913369626356633,3.875892461592834
310M200US35380,35380,2013,92.63386831504532,7.366131684954677,3.446155730525223,3.919975954429453
310M200US35380,35380,2014,92.2933996033068,7.706600396693212,3.419981163862415,4.286619232830797
310M200US35380,35380,2015,92.52792013226826,7.472079867731739,3.202976035879666,4.269103831852073
310M300US35380,35380,2016,92.39086661260338,7.609133387396631,3.17145079569984,4.437682591696792
3100000US35620,35620,2006,71.81358847468262,28.18641152531738,14.33085974381854,13.85555178149884
3100000US35620,35620,2007,71.67892007584189,28.32107992415812,14.77272944689378,13.54835047726433
3100000US35620,35620,2008,71.96775069635612,28.03224930364389,14.3992849295289,13.63296437411499
3100000US35620,35620,2009,72.3581835904275,27.6418164095725,14.25831193999139,13.38350446958111
310M100US35620,35620,2010,71.20964115031182,28.79035884968819,14.67948993400258,14.1108689156856
310M100US35620,35620,2011,71.00566894020267,28.99433105979733,14.9405760442577,14.05375501553963
310M100US35620,35620,2012,70.72953562062344,29.27046437937656,15.38384816219437,13.88661621718219
310M200US35620,35620,2013,71.46966876666896,28.53033123333104,15.32493392566892,13.20539730766212
310M200US35620,35620,2014,71.17767519972121,28.82232480027879,15.69877254548289,13.12355225479589
310M200US35620,35620,2015,70.99911035929742,29.00088964070259,16.06624714075027,12.93464249995231
310M300US35620,35620,2016,70.73651332558684,29.26348667441316,16.18171690524895,13.08176976916421
310M100US35840,35840,2010,88.44846290890632,11.55153709109367,5.501138191036941,6.050398900056732
310M100US35840,35840,2011,87.13366368038569,12.8663363196143,5.859125543627662,7.007210775986636
310M100US35840,35840,2012,87.94334219392758,12.05665780607242,5.826882320753512,6.229775485318912
310M200US35840,35840,2013,87.49302081129228,12.50697918870771,5.982103244213588,6.52487594449412
310M200US35840,35840,2014,87.88913702003985,12.11086297996014,6.011823033812915,6.09903994614723
310M200US35840,35840,2015,88.10276258326635,11.89723741673364,6.284675348996902,5.612562067736742
310M300US35840,35840,2016,87.65703139169288,12.34296860830711,5.634803166184079,6.708165442123033
3100000US36260,36260,2007,94.08126850628371,5.918731493716303,2.195194876592625,3.723536617123677
3100000US36260,36260,2008,94.56808006320779,5.431919936792204,1.893412092253283,3.538507844538922
3100000US36260,36260,2009,94.26214705091017,5.737852949089824,2.249917993815444,3.48793495527438
3100000US36420,36420,2006,92.75761056276585,7.242389437234159,2.450086568873378,4.792302868360781
3100000US36420,36420,2007,92.59871424765727,7.401285752342719,2.351348498531454,5.049937253811265
3100000US36420,36420,2008,92.9341472702571,7.065852729742899,2.384689959541504,4.681162770201395
3100000US36420,36420,2009,92.77319401146276,7.226805988537234,2.570159328204368,4.656646660332867
310M100US36420,36420,2010,92.33275960074572,7.66724039925428,2.624329706760372,5.042910692493908
310M100US36420,36420,2011,92.01989275875101,7.980107241248994,2.727742902680875,5.252364338568119
310M100US36420,36420,2012,92.20656118281768,7.793438817182325,2.563620026763024,5.229818790419301
310M200US36420,36420,2013,91.64424325043173,8.355756749568267,2.962543107139095,5.393213642429171
310M200US36420,36420,2014,91.5739990589235,8.426000941076493,2.744831373006664,5.681169568069828
310M200US36420,36420,2015,91.77100111008707,8.22899888991293,2.91125486951324,5.31774402039969
310M300US36420,36420,2016,92.29062394635639,7.709376053643613,2.834087405358681,4.875288648284932
3100000US36540,36540,2007,94.30644261475126,5.69355738524874,2.189339579085068,3.504217806163672
3100000US36540,36540,2008,94.14941171836486,5.850588281635133,1.999095226784152,3.851493054850981
3100000US36540,36540,2009,93.35731632236245,6.64268367763755,1.891603324814507,4.751080352823044
310M200US36540,36540,2015,92.74354300169186,7.256456998308133,2.834449411669617,4.422007586638516
310M300US36540,36540,2016,92.65144754703918,7.348552452960806,2.500824774606677,4.847727678354128
3100000US36740,36740,2006,83.86980409148276,16.13019590851725,7.187225263306388,8.94297064521086
3100000US36740,36740,2007,84.10324054758287,15.89675945241713,6.74328510363612,9.153474348781005
3100000US36740,36740,2008,84.23298455056863,15.76701544943137,7.089255485565378,8.677759963865988
3100000US36740,36740,2009,84.2251398732533,15.7748601267467,7.231774938881235,8.54308518786547
310M100US36740,36740,2010,84.22529947986612,15.77470052013387,7.934108590500258,7.840591929633617
310M100US36740,36740,2011,83.59723859700833,16.40276140299167,7.989048338368581,8.413713064623094
310M100US36740,36740,2012,83.77522964247457,16.22477035752543,8.273200118362674,7.951570239162755
310M200US36740,36740,2013,84.02611993936097,15.97388006063904,8.293067518693951,7.680812541945088
310M200US36740,36740,2014,83.17179413617022,16.82820586382978,8.68128876402268,8.146917099807101
310M200US36740,36740,2015,82.7728015724269,17.2271984275731,9.118324956496021,8.10887347107708
310M300US36740,36740,2016,82.00951395121447,17.99048604878552,9.619716400198749,8.370769648586773
3100000US37100,37100,2007,76.80168444468939,23.19831555531061,9.531867669383889,13.66644788592672
3100000US37100,37100,2008,77.74437786747562,22.25562213252438,9.179807957479881,13.0758141750445
3100000US37100,37100,2009,77.15468447028144,22.84531552971856,10.09000190539526,12.75531362432331
310M100US37100,37100,2010,76.99241618687523,23.00758381312477,9.839095271198223,13.16848854192655
310M100US37100,37100,2011,78.00031499054427,21.99968500945573,9.910780731715821,12.08890427773991
310M100US37100,37100,2012,77.167064801712,22.832935198288,10.15501548480169,12.67791971348631
310M200US37100,37100,2013,77.24029918296372,22.75970081703628,10.58871870608132,12.17098211095496
310M200US37100,37100,2014,77.11474417912071,22.88525582087929,10.91247940740601,11.97277641347329
310M200US37100,37100,2015,76.73196666572608,23.26803333427392,10.2528288044245,13.01520452984941
310M300US37100,37100,2016,77.50341870082308,22.49658129917692,10.56502121830494,11.93156008087199
3100000US37340,37340,2007,91.53388627669673,8.466113723303263,4.696910069923027,3.769203653380235
3100000US37340,37340,2008,91.80050734267624,8.199492657323757,4.924317967050684,3.275174690273074
3100000US37340,37340,2009,91.53847157769917,8.461528422300818,5.179759003797844,3.281769418502975
3100000US37980,37980,2006,91.34478581684242,8.655214183157586,4.179110727744596,4.476103455412991
3100000US37980,37980,2007,91.26663832056558,8.733361679434424,4.440917768509816,4.292443910924608
3100000US37980,37980,2008,91.27223548768161,8.72776451231838,4.284306627539984,4.443457884778395
3100000US37980,37980,2009,90.71887380090519,9.28112619909481,4.64878158630031,4.6323446127945
310M100US37980,37980,2010,90.46360845371242,9.536391546287581,4.839551582077685,4.696839964209896
310M100US37980,37980,2011,90.20993876591304,9.790061234086963,5.160574686595419,4.629486547491545
310M100US37980,37980,2012,90.22369907622782,9.77630092377218,5.205057486542168,4.571243437230012
310M200US37980,37980,2013,90.01640186932923,9.983598130670766,5.202812809564985,4.780785321105782
310M200US37980,37980,2014,89.75143649905721,10.24856350094279,5.350370258974711,4.898193241968082
310M200US37980,37980,2015,89.49917420045718,10.50082579954283,5.642389670297987,4.858436129244836
310M300US37980,37980,2016,88.86187299234001,11.13812700766,5.992867144386788,5.145259863273206
3100000US38060,38060,2006,83.0959090231636,16.9040909768364,4.624376915920105,12.27971406091629
3100000US38060,38060,2007,82.38830346839411,17.61169653160589,4.821881085612932,12.78981544599296
3100000US38060,38060,2008,84.05219273037501,15.947807269625,4.411360473472167,11.53644679615283
3100000US38060,38060,2009,84.60580821586336,15.39419178413664,4.61889684319357,10.77529494094307
310M100US38060,38060,2010,85.57232797296172,14.42767202703829,4.877597024895203,9.550075002143089
310M100US38060,38060,2011,85.4925694941589,14.5074305058411,5.07135893954733,9.436071566293773
310M100US38060,38060,2012,85.6666098476187,14.33339015238129,5.344801542152112,8.988588610229185
310M200US38060,38060,2013,85.58503506213793,14.41496493786206,5.256888188085648,9.158076749776415
310M200US38060,38060,2014,85.47003425401344,14.52996574598656,5.341304922647234,9.188660823339331
310M200US38060,38060,2015,85.71293975273093,14.28706024726906,5.556919386927316,8.730140860341749
310M300US38060,38060,2016,85.50025452978277,14.49974547021723,5.930275786720131,8.569469683497095
3100000US38300,38300,2006,96.98343495969253,3.016565040307477,1.665024447691389,1.351540592616089
3100000US38300,38300,2007,96.917195310802,3.082804689198,1.629486117148446,1.453318572049555
3100000US38300,38300,2008,96.98399790404186,3.016002095958135,1.607737692200382,1.408264403757753
3100000US38300,38300,2009,96.98856497167463,3.011435028325358,1.54546346281482,1.465971565510538
310M100US38300,38300,2010,96.88322898546542,3.116771014534577,1.568804026174035,1.547966988360541
310M100US38300,38300,2011,96.73736071594146,3.262639284058539,1.634116553222253,1.628522730836285
310M100US38300,38300,2012,96.66404459970695,3.335955400293045,1.684307374023237,1.651648026269807
310M200US38300,38300,2013,96.2302408394882,3.769759160511795,1.858935721495535,1.91082343901626
310M200US38300,38300,2014,96.42529100565032,3.574708994349669,1.756135906769532,1.818573087580137
310M200US38300,38300,2015,96.06169877754144,3.938301222458559,1.960693484400001,1.977607738058558
310M300US38300,38300,2016,96.21026179834428,3.789738201655724,1.779021380276387,2.010716821379337
3100000US38860,38860,2007,95.84468585193588,4.155314148064128,2.316303580964409,1.839010567099719
3100000US38860,38860,2008,96.16993959907794,3.830060400922063,2.071333391691712,1.75872700923035
3100000US38860,38860,2009,96.05592597895617,3.944074021043833,2.449954143173912,1.494119877869921
3100000US38900,38900,2006,87.63187108526903,12.36812891473097,4.753744738840166,7.614384175890801
3100000US38900,38900,2007,87.9604401850245,12.03955981497551,4.667596479586652,7.371963335388855
3100000US38900,38900,2008,87.30405040210691,12.69594959789309,4.873854404978648,7.822095192914444
3100000US38900,38900,2009,87.95229788131832,12.04770211868168,4.928469570407058,7.119232548274621
310M100US38900,38900,2010,87.50362822598562,12.49637177401438,5.214611806695286,7.28175996731909
310M100US38900,38900,2011,87.52889244805546,12.47110755194453,5.278556345466614,7.192551206477919
310M100US38900,38900,2012,87.84993870244854,12.15006129755146,5.614916858508131,6.53514443904333
310M200US38900,38900,2013,87.36964324049745,12.63035675950255,5.628595704096042,7.00176105540651
310M200US38900,38900,2014,87.40472927114725,12.59527072885276,5.713708717082629,6.881562011770134
310M200US38900,38900,2015,87.5703066297834,12.4296933702166,5.831789557886141,6.597903812330457
310M300US38900,38900,2016,87.47116365847876,12.52883634152124,6.244235308669972,6.284601032851267
3100000US39100,39100,2007,89.3537239799079,10.6462760200921,4.859870282050708,5.786405738041394
3100000US39100,39100,2008,88.81796215754061,11.18203784245939,5.509534961525594,5.672502880933794
3100000US39100,39100,2009,88.88972579878126,11.11027420121874,5.455520208420102,5.654753992798637
310M100US39100,39100,2010,88.63401954296411,11.36598045703589,5.638127261779137,5.727853195256747
310M100US39100,39100,2011,87.94895306827014,12.05104693172986,6.001298911678465,6.049748020051392
310M100US39100,39100,2012,88.27120985243378,11.72879014756622,6.474218333695527,5.254571813870689
3100000US39300,39300,2006,87.4588729371372,12.5411270628628,6.035131051730669,6.505996011132129
3100000US39300,39300,2007,87.30366753786724,12.69633246213276,6.438992638938168,6.257339823194591
3100000US39300,39300,2008,87.92937039767357,12.07062960232643,6.432186675401836,5.638442926924593
3100000US39300,39300,2009,87.46496718191825,12.53503281808175,6.580734480289784,5.954298337791961
310M100US39300,39300,2010,87.90844571769681,12.09155428230319,6.438471980608155,5.653082301695038
310M100US39300,39300,2011,86.90295858579799,13.09704141420201,7.091007258983742,6.006034155218269
310M100US39300,39300,2012,87.11625141909384,12.88374858090615,7.030150358379742,5.853598222526406
310M200US39300,39300,2013,87.25243736952959,12.74756263047041,7.058320466798105,5.689242163672302
310M200US39300,39300,2014,86.7936275566729,13.2063724433271,7.402599904185932,5.803772539141165
310M200US39300,39300,2015,87.07861407130503,12.92138592869497,7.387776103950852,5.533609824744121
310M300US39300,39300,2016,86.44818083294628,13.55181916705373,7.815203591887289,5.736615575166434
3100000US39340,39340,2008,93.22590365343484,6.774096346565164,1.963792858027556,4.81030348853761
3100000US39340,39340,2009,93.43940608867226,6.560593911327742,2.269512491778761,4.291081419548981
3100000US39580,39580,2007,89.30296453946653,10.69703546053346,3.186322610639113,7.510712849894348
3100000US39580,39580,2008,89.20309571761518,10.79690428238482,3.422391670133763,7.374512612251059
3100000US39580,39580,2009,88.8153330840351,11.18466691596489,3.73929564666685,7.445371269298036
310M100US39580,39580,2010,88.13205901796137,11.86794098203862,3.802990984148417,8.064949997890206
310M100US39580,39580,2011,88.57659763733172,11.42340236266829,3.972101777802607,7.451300584865687
310M100US39580,39580,2012,88.39237937544802,11.60762062455198,4.226865360216194,7.380755264335787
310M200US39580,39580,2013,88.50554459554259,11.49445540445741,3.899907452845413,7.594547951612
310M200US39580,39580,2014,88.31898334156627,11.68101665843372,4.735738639746287,6.945278018687438
310M200US39580,39580,2015,87.83653483755873,12.16346516244127,4.888078218045679,7.275386944395589
310M300US39580,39580,2016,87.77846510906822,12.22153489093178,5.40659398010355,6.814940910828231
3100000US40060,40060,2006,93.77254137583155,6.227458624168451,2.322028132472871,3.905430491695579
3100000US40060,40060,2007,94.33909317204905,5.660906827950955,2.270618880033806,3.390287947917149
3100000US40060,40060,2008,94.18375589799936,5.816244102000647,2.332381418315452,3.483862683685195
3100000US40060,40060,2009,93.82034840520681,6.179651594793186,2.602759462482739,3.576892132310447
310M100US40060,40060,2010,92.76383335830724,7.236166641692771,2.770199719816667,4.465966921876102
310M100US40060,40060,2011,92.87823061199913,7.121769388000859,2.846740089457955,4.275029298542904
310M100US40060,40060,2012,93.00706344608091,6.992936553919097,2.933446190221117,4.059490363697979
310M200US40060,40060,2013,93.33927640320925,6.660723596790742,3.163923803756949,3.496799793033793
310M200US40060,40060,2014,92.34509006336323,7.654909936636766,3.769668144190223,3.885241792446544
310M200US40060,40060,2015,92.41202005755454,7.587979942445454,3.411184588346542,4.176795354098912
310M300US40060,40060,2016,92.81246051295331,7.187539487046688,3.619548447583822,3.567991039462867
3100000US40140,40140,2006,77.68989365731652,22.31010634268349,8.280497300761152,14.02960904192234
3100000US40140,40140,2007,77.65500857432465,22.34499142567534,8.802164762772117,13.54282666290323
3100000US40140,40140,2008,78.26639853387047,21.73360146612953,8.506850676321003,13.22675078980853
3100000US40140,40140,2009,78.68390265966678,21.31609734033322,9.185822351454087,12.13027498887914
310M100US40140,40140,2010,78.03530711604225,21.96469288395776,9.068713753655695,12.89597913030207
310M100US40140,40140,2011,78.67566458234467,21.32433541765534,9.480587326773978,11.84374809088136
310M100US40140,40140,2012,78.31516821697728,21.68483178302272,9.681464501013311,12.00336728200941
310M200US40140,40140,2013,78.70867437988458,21.29132562011542,9.872199134511392,11.41912648560403
310M200US40140,40140,2014,78.06766939298362,21.93233060701638,10.22562467778356,11.70670592923283
310M200US40140,40140,2015,78.05894155230412,21.94105844769588,10.4330009251176,11.50805752257828
310M300US40140,40140,2016,78.52228337725055,21.47771662274945,10.30439037447682,11.17332624827263
3100000US40380,40380,2006,93.71346342358525,6.286536576414743,3.499785114468798,2.786751461945946
3100000US40380,40380,2007,94.09536193770954,5.904638062290453,3.336066647581987,2.568571414708465
3100000US40380,40380,2008,93.16780937829397,6.832190621706041,3.888152868705819,2.944037753000222
3100000US40380,40380,2009,93.7096235295481,6.290376470451907,3.684361981756836,2.606014488695071
310M100US40380,40380,2010,92.67064664349492,7.329353356505081,4.407437087757066,2.921916268748014
310M100US40380,40380,2011,93.48740331931491,6.51259668068509,3.801747027797415,2.710849652887675
310M100US40380,40380,2012,93.28533313149279,6.714666868507201,3.58099797528715,3.13366889322005
310M200US40380,40380,2013,93.57579494829582,6.424205051704179,3.856904691131916,2.567300360572263
310M200US40380,40380,2014,93.3563351433875,6.643664856612514,3.689704474738161,2.953960381874352
310M200US40380,40380,2015,92.82067444641824,7.17932555358176,3.744059359270357,3.435266194311403
310M300US40380,40380,2016,92.8839100584959,7.116089941504098,4.122797829969811,2.993292111534287
3100000US40900,40900,2006,82.57611930045566,17.42388069954434,7.387051627943652,10.03682907160069
3100000US40900,40900,2007,82.7254772562072,17.2745227437928,7.834701021462183,9.439821722330617
3100000US40900,40900,2008,82.84560097676024,17.15439902323977,8.203212388474533,8.951186634765232
3100000US40900,40900,2009,83.00255481572188,16.99744518427813,8.181427171299571,8.816018012978558
310M100US40900,40900,2010,82.98586468287326,17.01413531712674,8.769531621697269,8.244603695429474
310M100US40900,40900,2011,82.06296654543283,17.93703345456718,9.337089055180162,8.599944399387015
310M100US40900,40900,2012,82.16047297451105,17.83952702548894,9.546447455522058,8.293079569966883
310M200US40900,40900,2013,81.75451423207282,18.24548576792718,10.05952783908077,8.185957928846406
310M200US40900,40900,2014,82.00073338183931,17.99926661816069,10.07428721389309,7.924979404267606
310M200US40900,40900,2015,81.80058517435188,18.19941482564812,10.29929724552962,7.900117580118494
310M300US40900,40900,2016,81.76446970891188,18.23553029108812,10.31719834977778,7.918331941310336
3100000US41180,41180,2006,96.10613932486467,3.893860675135326,1.996357894164184,1.897502780971142
3100000US41180,41180,2007,95.99494269313367,4.005057306866332,1.800568251161018,2.204489055705314
3100000US41180,41180,2008,95.93551939255833,4.064480607441672,1.864878919361208,2.199601688080464
3100000US41180,41180,2009,95.97483021435936,4.025169785640652,1.879523768574147,2.145646017066505
310M100US41180,41180,2010,95.50602308636643,4.493976913633574,2.119198570032055,2.374778343601519
310M100US41180,41180,2011,95.35711239373347,4.642887606266526,2.110225754172472,2.532661852094054
310M100US41180,41180,2012,95.61495945386594,4.385040546134062,2.008100359617945,2.376940186516118
310M200US41180,41180,2013,95.61503052747723,4.38496947252277,2.270102717915252,2.114866754607518
310M200US41180,41180,2014,95.76115096426902,4.238849035730985,2.150644936874879,2.088204098856107
310M200US41180,41180,2015,95.39315147353797,4.606848526462026,2.244735916663615,2.362112609798412
310M300US41180,41180,2016,95.18959356171789,4.810406438282109,2.537078598865936,2.273327839416173
3100000US41620,41620,2006,88.53596829055745,11.46403170944255,3.546697401587346,7.917334307855209
3100000US41620,41620,2007,88.39163889885214,11.60836110114786,4.031056144376207,7.577304956771651
3100000US41620,41620,2008,88.00816989646553,11.99183010353448,3.858146443507124,8.133683660027353
3100000US41620,41620,2009,89.11397310254952,10.88602689745048,3.457068211516837,7.428958685933647
310M100US41620,41620,2010,88.72220076741294,11.27779923258706,4.107926745014119,7.169872487572941
310M100US41620,41620,2011,88.22014041303599,11.77985958696402,4.370432103882957,7.409427483081059
310M100US41620,41620,2012,88.04147316682663,11.95852683317337,3.804289348075905,8.154237485097465
310M200US41620,41620,2013,88.15247574930972,11.84752425069028,4.410675126240374,7.436849124449904
310M200US41620,41620,2014,87.90469419251912,12.09530580748088,4.680926699845666,7.414379107635217
310M200US41620,41620,2015,88.2977032572082,11.70229674279181,4.664238728630927,7.038058014160884
310M300US41620,41620,2016,87.9654725603973,12.03452743960269,4.102388577854925,7.932138861747768
3100000US41700,41700,2006,89.3295497878556,10.6704502121444,3.906207898946694,6.764242313197706
3100000US41700,41700,2007,88.94011869053024,11.05988130946977,4.22549098609638,6.834390323373387
3100000US41700,41700,2008,89.36858029235876,10.63141970764125,4.276671929071703,6.354747778569545
3100000US41700,41700,2009,88.73373685297132,11.26626314702869,4.599506437726835,6.666756709301855
310M100US41700,41700,2010,87.68143243166843,12.31856756833158,4.616485402222627,7.702082166108948
310M100US41700,41700,2011,88.29419178810745,11.70580821189255,4.385164461881162,7.320643750011384
310M100US41700,41700,2012,88.03421481528898,11.96578518471103,4.734460965361282,7.23132421934975
310M200US41700,41700,2013,88.35858891880453,11.64141108119548,4.486335112464633,7.155075968730845
310M200US41700,41700,2014,88.24841565072754,11.75158434927246,4.719158108279447,7.032426240993009
310M200US41700,41700,2015,88.25347590170239,11.74652409829761,4.665786110500003,7.080737987797607
310M300US41700,41700,2016,87.84524588112738,12.15475411887263,4.952360647330496,7.202393471542129
3100000US41740,41740,2006,76.67422302031581,23.3257769796842,10.61345851405461,12.71231846562958
3100000US41740,41740,2007,77.34064034631557,22.65935965368443,10.13412736536421,12.52523228832022
3100000US41740,41740,2008,77.92362195908662,22.07637804091338,10.63719897423321,11.43917906668017
3100000US41740,41740,2009,77.26637005193214,22.73362994806786,10.59822980797978,12.13540014008808
310M100US41740,41740,2010,76.54904766243537,23.45095233756462,10.72196327804123,12.72898905952339
310M100US41740,41740,2011,76.59739324199563,23.40260675800436,11.00418493988508,12.39842181811928
310M100US41740,41740,2012,76.78450191261553,23.21549808738448,11.24327720287574,11.97222088450874
310M200US41740,41740,2013,76.28401632758812,23.71598367241188,11.34716303796775,12.36882063444414
310M200US41740,41740,2014,76.77484218296632,23.22515781703367,11.51732639666658,11.70783142036709
310M200US41740,41740,2015,75.82682456029224,24.17317543970777,12.44138164297181,11.73179379673595
310M300US41740,41740,2016,75.94781883741054,24.05218116258945,12.42969254153946,11.62248862104999
3100000US41860,41860,2006,70.43612397718962,29.56387602281038,15.87293574897961,13.69094027383077
3100000US41860,41860,2007,70.38446223005411,29.61553776994589,15.98214323944111,13.63339453050478
3100000US41860,41860,2008,70.56229092735555,29.43770907264446,15.98849090110704,13.44921817153742
3100000US41860,41860,2009,70.49969047116703,29.50030952883296,16.0004520765297,13.49985745230326
310M100US41860,41860,2010,70.01005679673764,29.98994320326236,15.93617961392947,14.05376358933289
310M100US41860,41860,2011,70.31220643324116,29.68779356675883,15.82291381284193,13.8648797539169
310M100US41860,41860,2012,69.93697761897494,30.06302238102506,16.43250231171839,13.63052006930666
310M200US41860,41860,2013,70.31104830617083,29.68895169382916,16.32610584472694,13.36284584910223
310M200US41860,41860,2014,69.56663604741775,30.43336395258225,16.6271881516567,13.80617580092554
310M200US41860,41860,2015,69.26925611215489,30.7307438878451,17.08583433631177,13.64490955153333
310M300US41860,41860,2016,69.13900896014376,30.86099103985625,17.01478425856232,13.84620678129393
3100000US41940,41940,2006,64.08098044291151,35.91901955708848,16.93335933026525,18.98566022682323
3100000US41940,41940,2007,62.78969964220546,37.21030035779454,18.61130471087839,18.59899564691617
3100000US41940,41940,2008,63.63527417875011,36.36472582124989,17.8976046775113,18.46712114373859
3100000US41940,41940,2009,64.49578587334086,35.50421412665914,18.01793918417638,17.48627494248275
310M100US41940,41940,2010,63.3171210711486,36.68287892885141,18.84297072298732,17.83990820586408
310M100US41940,41940,2011,63.5617143316626,36.4382856683374,19.04414484440752,17.39414082392988
310M100US41940,41940,2012,63.27684719286651,36.72315280713349,19.01653726691681,17.70661554021668
310M200US41940,41940,2013,62.52111722973201,37.47888277026799,20.12438784126824,17.35449492899975
310M200US41940,41940,2014,62.29522467422341,37.7047753257766,19.96782175175844,17.73695357401816
310M200US41940,41940,2015,62.19357599719957,37.80642400280044,19.82521564763086,17.98120835516957
310M300US41940,41940,2016,61.50162521426954,38.49837478573046,20.14386380542708,18.35451098030337
3100000US41980,41980,2006,96.03328537537249,3.966714624627514,1.481634342382742,2.485080282244772
3100000US41980,41980,2007,96.2671326132341,3.732867386765907,1.470223983581614,2.262643403184293
3100000US41980,41980,2008,96.30094613497671,3.69905386502329,1.348111045984974,2.350942819038317
3100000US41980,41980,2009,96.24518623411896,3.754813765881035,1.41793187938891,2.336881886492126
310M100US41980,41980,2010,96.18106763888238,3.818932361117618,1.466844461100333,2.352087900017284
310M100US41980,41980,2011,95.83198029463421,4.168019705365798,1.665339576654916,2.502680128710881
310M100US41980,41980,2012,96.39854460053586,3.60145539946414,1.410996614998268,2.190458784465872
310M200US41980,41980,2013,96.26828928381543,3.731710716184566,1.630859549921209,2.100851166263357
310M200US41980,41980,2014,96.28134927176572,3.718650728234282,1.559566400976622,2.15908432725766
310M200US41980,41980,2015,96.18169483639113,3.818305163608869,1.759522929960327,2.058782233648541
310M300US41980,41980,2016,96.24436369963423,3.755636300365758,1.871779256933852,1.883857043431905
310M200US42220,42220,2014,83.9979452000032,16.0020547999968,6.772844658719309,9.229210141277495
310M200US42220,42220,2015,83.2769752223457,16.72302477765431,6.877680993177283,9.845343784477025
310M300US42220,42220,2016,82.47897906851929,17.52102093148071,7.379887490806449,10.14113344067426
3100000US42260,42260,2007,88.31967123654466,11.68032876345533,4.882992981470675,6.797335781984659
3100000US42540,42540,2007,96.78887924806408,3.21112075193593,1.614999509891123,1.596121242044807
3100000US42540,42540,2008,96.66606625292702,3.333933747072983,1.342015679895783,1.9919180671772
3100000US42540,42540,2009,96.30911146083588,3.690888539164126,1.544503283818607,2.146385255345518
3100000US42660,42660,2006,84.15990576979235,15.84009423020766,7.345372157535307,8.494722072672351
3100000US42660,42660,2007,84.64204569662837,15.35795430337163,6.951794417448517,8.406159885923115
3100000US42660,42660,2008,84.26004682474027,15.73995317525972,7.537790602942526,8.202162572317198
3100000US42660,42660,2009,84.28682852052087,15.71317147947913,7.412214394538724,8.300957084940407
310M100US42660,42660,2010,83.23015060049713,16.76984939950288,8.241552261065989,8.528297138436889
310M100US42660,42660,2011,83.0708114739719,16.92918852602809,8.36776641087809,8.561422115150002
310M100US42660,42660,2012,82.87446191145268,17.12553808854733,8.583404393443194,8.54213369510413
310M200US42660,42660,2013,82.56657354841479,17.43342645158521,8.598918868010765,8.834507583574439
310M200US42660,42660,2014,82.83010275425863,17.16989724574136,8.507418538256255,8.662478707485105
310M200US42660,42660,2015,82.22571901499364,17.77428098500635,8.703683863744716,9.070597121261631
310M300US42660,42660,2016,81.83080268982985,18.16919731017015,9.027740120698033,9.141457189472115
3100000US44140,44140,2007,92.22947981196999,7.770520188030005,4.264952970525462,3.505567217504545
3100000US44140,44140,2008,92.33170147100317,7.668298528996827,3.950939411656908,3.717359117339919
3100000US44140,44140,2009,91.91533016741951,8.084669832580486,3.919141855164451,4.165527977416036
3100000US44700,44700,2007,75.68324416161195,24.31675583838805,9.316681321629234,15.00007451675882
3100000US44700,44700,2008,77.23769609213727,22.76230390786272,9.842382671909672,12.91992123595305
3100000US44700,44700,2009,76.25937231425777,23.74062768574223,10.35162848590819,13.38899919983404
310M100US44700,44700,2010,77.44902172901544,22.55097827098455,9.537705890563931,13.01327238042062
310M100US44700,44700,2011,77.18948484230424,22.81051515769576,10.8190872346721,11.99142792302367
310M100US44700,44700,2012,76.70179273909355,23.29820726090644,10.7800606878334,12.51814657307305
310M200US44700,44700,2013,77.01691844873285,22.98308155126714,10.0237230241106,12.95935852715654
310M200US44700,44700,2014,76.54112580125407,23.45887419874594,11.02226532531579,12.43660887343016
310M200US44700,44700,2015,75.87418365913517,24.12581634086483,10.87403216610247,13.25178417476236
310M300US44700,44700,2016,77.36650361383055,22.63349638616945,10.46791030231331,12.16558608385613
3100000US45060,45060,2007,94.93811338415263,5.061886615847374,2.726203445566588,2.335683170280787
3100000US45060,45060,2008,95.37289878439377,4.627101215606235,2.339257588607536,2.287843626998698
3100000US45060,45060,2009,94.73071612979118,5.269283870208827,2.985370323363525,2.283913546845302
3100000US45300,45300,2006,87.58286130084875,12.41713869915125,5.671099157032336,6.746039542118915
3100000US45300,45300,2007,87.69496051504635,12.30503948495365,5.710642893828041,6.594396591125605
3100000US45300,45300,2008,88.30739044122731,11.69260955877269,5.698852240557971,5.993757318214723
3100000US45300,45300,2009,88.38658858678718,11.61341141321282,5.670789059110274,5.942622354102543
310M100US45300,45300,2010,87.31124843857336,12.68875156142663,6.228102380826039,6.460649180600591
310M100US45300,45300,2011,87.55131474791872,12.44868525208127,6.122084847935586,6.32660040414568
310M100US45300,45300,2012,86.97816086374442,13.02183913625558,6.706689488609782,6.315149647645802
310M200US45300,45300,2013,87.42636041843969,12.57363958156031,6.739534914506497,5.834104667053814
310M200US45300,45300,2014,86.95498874667219,13.04501125332781,6.980150103821467,6.064861149506342
310M200US45300,45300,2015,86.63206984345722,13.36793015654278,6.991269567847811,6.376660588694973
310M300US45300,45300,2016,86.67637808025998,13.32362191974001,7.038521244349345,6.285100675390669
3100000US45780,45780,2007,96.64585109569785,3.354148904302141,1.656950173207058,1.697198731095084
3100000US45780,45780,2008,96.69806379255095,3.301936207449037,1.625779536098992,1.676156671350046
3100000US45780,45780,2009,96.92927910505489,3.070720894945107,1.690517985183422,1.380202909761685
3100000US46060,46060,2007,86.5048614967185,13.4951385032815,5.276970371909927,8.21816813137157
3100000US46060,46060,2008,87.16524804894775,12.83475195105225,4.915525217930907,7.919226733121347
3100000US46060,46060,2009,86.55028425798864,13.44971574201137,5.055479317780827,8.394236424230543
310M100US46060,46060,2010,87.28590424719545,12.71409575280455,5.451589058335047,7.262506694469503
310M100US46060,46060,2011,87.06224629106207,12.93775370893793,5.959564214319568,6.978189494618364
310M100US46060,46060,2012,87.60804680399116,12.39195319600884,5.672343847302583,6.71960934870626
310M200US46060,46060,2013,87.1453027131495,12.85469728685049,5.417769634159313,7.436927652691174
310M200US46060,46060,2014,86.72236181404776,13.27763818595224,6.086214654619737,7.191423531332503
310M200US46060,46060,2015,86.78349545803322,13.21650454196678,6.222420237122844,6.994084304843939
310M300US46060,46060,2016,86.62239742729328,13.37760257270672,5.938658106722456,7.438944465984259
3100000US46140,46140,2007,94.63449455559656,5.365505444403436,1.399279088938148,3.966226355465288
3100000US46140,46140,2008,94.64861014601036,5.351389853989636,1.75308281617245,3.598307037817186
3100000US46140,46140,2009,94.63647250297234,5.363527497027668,1.922179724502981,3.441347772524687
310M200US46520,46520,2013,81.00991530654476,18.99008469345525,11.11976563636012,7.870319057095124
310M200US46520,46520,2014,81.25042851899801,18.74957148100199,10.90333821340851,7.846233267593478
310M200US46520,46520,2015,80.77567752129238,19.22432247870762,11.21792625316156,8.006396225546052
310M300US46520,46520,2016,80.50483324182328,19.49516675817672,11.31366454934239,8.181502208834329
3100000US47260,47260,2006,94.25397596212213,5.746024037877868,2.980636153939541,2.765387883938327
3100000US47260,47260,2007,94.36478381874485,5.635216181255145,3.360420693335906,2.274795487919238
3100000US47260,47260,2008,94.47763967435962,5.522360325640379,2.977616145430501,2.544744180209878
3100000US47260,47260,2009,94.16079083800376,5.839209161996238,2.979009328126641,2.860199833869597
310M100US47260,47260,2010,93.75524892514548,6.244751074854523,3.475586790287123,2.769164284567399
310M100US47260,47260,2011,93.90649732059424,6.093502679405763,3.4586146232622,2.634888056143563
310M100US47260,47260,2012,93.90499460605928,6.095005393940718,3.293226663013627,2.801778730927091
310M200US47260,47260,2013,93.70125426525179,6.298745734748209,3.632670422588023,2.666075312160186
310M200US47260,47260,2014,93.50006725333311,6.499932746666884,3.629292640505605,2.870640106161279
310M200US47260,47260,2015,93.82749074332507,6.172509256674932,3.703018131535595,2.469491125139336
310M300US47260,47260,2016,93.51581199082007,6.484188009179941,3.901532906473411,2.58265510270653
3100000US47900,47900,2006,79.8998046767902,20.1001953232098,8.513671679269079,11.58652364394073
3100000US47900,47900,2007,79.47750948196659,20.5224905180334,8.823670757850598,11.69881976018281
3100000US47900,47900,2008,79.65172611684478,20.34827388315522,9.089262824761214,11.25901105839401
3100000US47900,47900,2009,79.85349804729192,20.14650195270807,8.929318486896396,11.21718346581168
310M100US47900,47900,2010,78.19712795641847,21.80287204358154,9.811193490576429,11.99167855300511
310M100US47900,47900,2011,78.38644391568788,21.61355608431213,9.971637188838328,11.6419188954738
310M100US47900,47900,2012,77.78194324825954,22.21805675174047,10.56612361833823,11.65193313340223
310M200US47900,47900,2013,77.98329606296514,22.01670393703487,10.90780936618414,11.10889457085073
310M200US47900,47900,2014,77.41056142942581,22.58943857057418,10.86608349368049,11.7233550768937
310M200US47900,47900,2015,77.08656682544907,22.91343317455093,11.43754725715419,11.47588591739675
310M300US47900,47900,2016,77.04776938387414,22.95223061612586,11.56861472764884,11.38361588847702
3100000US48620,48620,2007,93.72109614335473,6.278903856645264,2.57215997314197,3.706743883503294
3100000US48620,48620,2008,94.24284231367463,5.757157686325362,2.476876187696706,3.280281498628656
3100000US48620,48620,2009,93.85039637008448,6.149603629915511,2.410979712110149,3.738623917805362
3100000US49340,49340,2007,90.32343937175563,9.676560628244376,4.611493923353367,5.065066704891009
3100000US49340,49340,2008,89.09998137294177,10.90001862705823,5.009913167288844,5.890105459769382
3100000US49340,49340,2009,88.78438623318871,11.21561376681129,5.10500795693921,6.110605809872079
310M100US49340,49340,2010,89.08440090900791,10.91559909099209,5.434161337647411,5.481437753344681
310M100US49340,49340,2011,88.99475429559912,11.00524570440087,5.827686785392904,5.177558919007971
310M100US49340,49340,2012,88.91278810860831,11.08721189139169,6.24625540988609,4.840956481505601
310M200US49340,49340,2013,88.5952455460716,11.40475445392841,5.565063504224622,5.83969094970379
310M200US49340,49340,2014,88.83900983693241,11.1609901630676,5.834774356698152,5.326215806369448
310M200US49340,49340,2015,89.66271741547092,10.33728258452908,5.240525217629252,5.096757366899831
310M300US49340,49340,2016,89.42647905866863,10.57352094133136,5.682526146609089,4.890994794722269
3100000US49660,49660,2007,97.53182034820152,2.46817965179848,1.566486304634276,.9016933471642042
3100000US49660,49660,2008,98.0507008606813,1.949299139318699,1.279625123907362,.6696740154113371
3100000US49660,49660,2009,97.80394093395125,2.196059066048746,1.450184115119466,.7458749509292795
